﻿<?xml version="1.0" encoding="UTF-8"?>
<!DOCTYPE book PUBLIC "-//OASIS//DTD DocBook XML V4.5//EN"
"http://www.oasis-open.org/docbook/xml/4.5/docbookx.dtd">
<book>
  <title>KinOath Kinship Archiver 1.3</title>
  <bookinfo>
    <mediaobject>
      <imageobject>
        <imagedata fileref="images/KinOath-512.png" contentdepth="100%" scalefit="1" width="100%"/>
      </imageobject>
    </mediaobject>
    <orgname>The Language Archive, MPI for Psycholinguistics, Nijmegen, The Netherlands</orgname>
    <releaseinfo>The latest version can be downloaded from <ulink
        url="http://tla.mpi.nl/tools/tla-tools/kinoath"
        >http://tla.mpi.nl/tools/tla-tools/kinoath</ulink></releaseinfo>
    <releaseinfo>This manual was last updated in July 2013</releaseinfo>
    <releaseinfo>Francesca Bechis</releaseinfo>
  </bookinfo>
  <preface id="Pre_Introduction">
    <title id="Overview">Overview </title>
    <para>
      <informaltable id="Section_Template_documents">
        <tbody>
          <tr>
            <td rowspan="1" colspan="1">KinOath Kinship Archiver is a professional scientific
              general kinship tool, and also an archive retrieval application. It is designed, first
              of all, to link kinship data with archived data such as, for example, media resources
              (i.e. audio files, video files, etc.). Secondly, being culturally nonspecific, this
              program makes it possible for users to create diagrams based on culturally, and
              therefore linguistically, different social structures. Such diagrams can then be
              compared and contrasted. A series of options are included which aim at optimizing
              graphical representation of the data, a key feature within KinOath environment. </td>
          </tr>
        </tbody>
      </informaltable>
    </para>
    <para/>
    <para>For <emphasis role="underline">further information</emphasis> on KinOath Kinship Archiver,
      please refer to the following links:</para>
    <para>
      <itemizedlist>
        <listitem>
          <para><ulink url="http://tla.mpi.nl/tools/tla-tools/kinoath/requests/"
              >http://tla.mpi.nl/tools/tla-tools/kinoath/requests/</ulink>; on this page you will
            find a list of already known issues about the current version, and of some feature
            requests which will be possibly implemented in the future versions of the
            application.</para>
        </listitem>
        <listitem>
          <para><ulink url="http://tla.mpi.nl/tools/tla-tools/kinoath/changes/"
              >http://tla.mpi.nl/tools/tla-tools/kinoath/changes/</ulink>; on this page, by
            contrast, you will see a list showing which changes have been made to which version of
            the application. </para>
        </listitem>
      </itemizedlist>
    </para>
  </preface>
  <chapter id="Ch_How_to_run_the_application">
    <title>How to run the application: webstart and installation</title>
    <para>KinOath Kinship Archiver is part of the Language Archiving Technology suite. You will find
      a link to the program on the TLA web page <ulink
        url="http://tla.mpi.nl/tools/tla-tools/kinoath"
        >http://tla.mpi.nl/tools/tla-tools/kinoath</ulink>. </para>
    <para>You can start the application in two possible ways (see figure below):</para>
    <para>
      <itemizedlist>
        <listitem>
          <para>through the option <emphasis role="bold">Run via webstart</emphasis>, with no
            installation needed;</para>
        </listitem>
        <listitem>
          <para>through one of the installers provided. Installers are available for <emphasis
              role="bold">Windows</emphasis>, <emphasis role="bold">Debian</emphasis>, and <emphasis
              role="bold">MacOS</emphasis>. See sections below for more detailed information about
            the installation process.</para>
        </listitem>
      </itemizedlist>
    </para>
    <para>Computer requirements: </para>
    <para>
      <itemizedlist>
        <listitem>
          <para><emphasis role="bold">Java</emphasis>. For more information on Java and how to
            install it go to <ulink url="http://java.com/en/">http://java.com/en/</ulink>. </para>
        </listitem>
      </itemizedlist>
    </para>
    <para>
      <figure>
        <title>Navigating KinOath</title>
        <screenshot>
          <screeninfo/>
          <mediaobject>
            <imageobject>
              <imagedata fileref="images/StartingKinoath.png" contentdepth="100%" scalefit="1"
                width="100%"/>
            </imageobject>
          </mediaobject>
        </screenshot>
      </figure>
    </para>
    <section>
      <title id="Sec_Windows_installer">Windows installer </title>
      <para>To install the application on a computer with Windows as operating system:</para>
      <para>
        <orderedlist>
          <listitem>
            <para>Select <emphasis role="bold">Download the Windows installer</emphasis> (see figure
              above);</para>
          </listitem>
          <listitem>
            <para>Choose a directory where to save the <emphasis role="italic">.zip</emphasis> file
              and, after saving, open the file (it may happen, at this point, that a security
              warning message comes out. After making sure that the program has been downloaded from
              the correct website and that it is virus free, choose <emphasis role="bold"
                >Run</emphasis>);</para>
          </listitem>
          <listitem>
            <para>Choose <emphasis role="bold">Yes</emphasis> on the dialogue window which asks you
              to allow changes to the computer;</para>
          </listitem>
          <listitem>
            <para>A setup wizards will appear: go through the several steps till it says <emphasis
                role="bold">Install</emphasis>;</para>
          </listitem>
          <listitem>
            <para>After installing click on <emphasis role="bold">Finish</emphasis>. If you want to
              run the application immediately after the installation, leave checked the option
                <emphasis role="bold">Launch KinOath Kinship Archiver</emphasis>.</para>
          </listitem>
        </orderedlist>
      </para>
    </section>
    <section>
      <title id="Sec_Debian_installer">Debian installer</title>
      <para>To instal the application on a computer with Debian Linux as operating system:</para>
      <para>
        <orderedlist>
          <listitem>
            <para>Select <emphasis role="bold">Download the Debian Linux package</emphasis>;</para>
          </listitem>
          <listitem>
            <para>Save the <emphasis role="italic">.deb</emphasis> file and then open it;</para>
          </listitem>
          <listitem>
            <para>A window called <emphasis role="bold">Ubuntu Software Center</emphasis> will open.
              Select <emphasis role="bold">Install</emphasis>.</para>
          </listitem>
        </orderedlist>
      </para>
    </section>
    <section>
      <title id="Sec_Mac_installer">Mac installer</title>
      <para>To instal the application on a computer with Macintosh as operating system:</para>
      <para>
        <orderedlist>
          <listitem>
            <para>Select <emphasis role="bold">Download the Mac installer</emphasis>;</para>
          </listitem>
          <listitem>
            <para>Save the <emphasis role="italic">.tar</emphasis> file and then open it;</para>
          </listitem>
          <listitem>
            <para>Click on the application icon that subsiquently appears;</para>
          </listitem>
          <listitem>
            <para>A message may open asking you whether you want to open an application downloaded
              from the Internet. After making sure that the program has been downloaded from the
              correct website and that it is virus free, choose <emphasis role="bold"
                >Open</emphasis>.</para>
          </listitem>
        </orderedlist>
      </para>
    </section>
  </chapter>
  <chapter id="Ch_Diagram_types">
    <title>Diagram types</title>
    <para>The aim of this chapter is to explain:</para>
    <para><itemizedlist>
        <listitem>
          <para>how to create a Standard Diagram;</para>
        </listitem>
        <listitem>
          <para>how to create a Freeform Diagram;</para>
        </listitem>
        <listitem>
          <para>how to create a Kin Terms Diagram;</para>
        </listitem>
        <listitem>
          <para>how to create a Query Diagram;</para>
        </listitem>
        <listitem>
          <para>how to create an Archive Data Linker Diagram;</para>
        </listitem>
        <listitem>
          <para>how to deal with the several features related to the above mentioned
            diagrams.</para>
        </listitem>
      </itemizedlist>All the diagrams produced are in a scalable vector format of publishing quality
      and all diagrams can be exported into PDF format. The working files are in SVG (Scalable
      Vector Graphics) format, which can be opened in graphics applications or viewed in modern web
      browsers.</para>
    <para><emphasis role="bold"><emphasis role="underline">Layout
      options</emphasis></emphasis>:</para>
    <para>
      <itemizedlist>
        <listitem>
          <para>right click onto the main panel > <emphasis role="bold">Reset zoom</emphasis>: if
            the diagram has been zoomed in or out, it will return to its default size;</para>
        </listitem>
        <listitem>
          <para>right click onto the main panel > <emphasis role="bold">Reset Layout</emphasis>: use
            this option when you want the entities of the diagram to be differently displayed; </para>
        </listitem>
        <listitem>
          <para>to <emphasis role="underline">zoom the diagram in/out</emphasis>: press <emphasis
              role="bold">Alt</emphasis> + rotate the mouse wheel</para>
        </listitem>
        <listitem>
          <para>to <emphasis role="underline">move the diagram to the left/right</emphasis>: press
              <emphasis role="bold">Shift</emphasis> + rotate the mouse wheel</para>
        </listitem>
        <listitem>
          <para>to <emphasis role="underline">scroll the diagram up/down</emphasis>: rotate the
            mouse wheel. </para>
        </listitem>
      </itemizedlist>
    </para>
    <section id="Sec_Standard_Diagram">
      <title>Standard Diagram (current project)</title>
      <para>A standard diagram is a type of diagram through which you create (and/or work on) a
          <emphasis role="underline">project database</emphasis>. A standard diagram is created
        through the adding of individuals (or other kind of entities such as social events or kin
        terms) and of relations between them. </para>
      <para id="para_create_a_project">First of all, you may want to <emphasis role="underline"
          >create a project</emphasis>. To do so:</para>
      <para>
        <orderedlist>
          <listitem>
            <para><emphasis role="bold">File</emphasis> menu > <emphasis role="bold">New
                Project</emphasis> > choose a directory and a name for your project > <emphasis
                role="bold">Save</emphasis> > a dialog window will appear: <emphasis role="bold"
                >Creating database for project '</emphasis><emphasis role="italic">name of the
                project</emphasis><emphasis role="bold">'</emphasis>. Now on top of the page you
              will see the name of your project.</para>
          </listitem>
          <listitem>
            <para><emphasis role="underline">If you already have a project saved</emphasis> on your
              machine: <emphasis role="bold">File</emphasis> menu > <emphasis role="bold">Open
                Project</emphasis> > choose the project (if you click on the project some
              information related to it will come out: <emphasis role="bold">Project
                Title</emphasis>, <emphasis role="bold">Project Description</emphasis>, etc.) >
                <emphasis role="bold">Open</emphasis>.</para>
          </listitem>
          <listitem>
            <para>You may also want to <emphasis role="underline">re-open a recently closed
                project</emphasis>. To do so:</para>
            <para>
              <itemizedlist>
                <listitem>
                  <para><emphasis role="bold">File</emphasis> menu > <emphasis role="bold">Open
                      Recent Project</emphasis> > choose from the list provided. If you want to
                    delete such list select <emphasis role="bold">Clear List</emphasis> (it is
                    located at the end of the list).</para>
                </listitem>
              </itemizedlist>
            </para>
          </listitem>
        </orderedlist>
      </para>
      <para id="para_new_diagram"><emphasis role="underline">To create a standard diagram from
          scratch:</emphasis></para>
      <para>
        <orderedlist>
          <listitem>
            <para><emphasis role="bold">File</emphasis> menu > <emphasis role="bold">New Diagram of
                Type</emphasis> > <emphasis role="bold">Standard Diagram (current
                project)</emphasis>; a new page of the application will open.</para>
          </listitem>
          <listitem>
            <para id="para_add_entities_right_click_menu">Right click on the main white panel >
                <emphasis role="bold">Add</emphasis> > choose an item among the ones displayed
                (<emphasis role="bold">Individual</emphasis>, <emphasis role="bold"
                >Chromosome_Example</emphasis>, <emphasis role="bold">Clan_Example</emphasis>,
                <emphasis role="bold">KinTerm</emphasis>, <emphasis role="bold"
                >Social_Event</emphasis>), or among the ones listed in the profiles settings
                (<emphasis role="bold">Panels</emphasis> menu > <emphasis role="bold">Diagram
                Settings</emphasis> > <emphasis role="bold">Entity Profiles</emphasis>).</para>
            <para>In addition, you can use the right click menu option <emphasis role="bold">Add
                Geometry</emphasis>, and choose among the items provided:</para>
            <para>
              <itemizedlist>
                <listitem>
                  <para><emphasis role="bold">Add Label</emphasis>, which allows you to enter a
                    label for your diagram, and you can do it by entering the text into a small
                    window opening at the bottom of the page when the option is selected.</para>
                </listitem>
                <listitem>
                  <para><emphasis role="bold">Add Circle</emphasis>
                  </para>
                </listitem>
                <listitem>
                  <para><emphasis role="bold">Add Square</emphasis> > these three are graphic
                    options you can use to differentiate your diagram.</para>
                </listitem>
                <listitem>
                  <para><emphasis role="bold">Add Ellipse</emphasis></para>
                </listitem>
              </itemizedlist>
            </para>
            <para>According to what you have chosen, a new entity will appear. Its icon shape
              depends on how this has been preconfigured in the profile settings. To <emphasis
                role="underline">modify profile settings</emphasis>: <emphasis role="bold">Diagram
                Options</emphasis> menu > <emphasis role="bold">Settings</emphasis> > <emphasis
                role="bold">Symbol Fields</emphasis> tab. </para>
            <para>
              <figure>
                <title>How to modify profile settings</title>
                <screenshot>
                  <screeninfo/>
                  <mediaobject>
                    <imageobject>
                      <imagedata fileref="images/SymbolFieldsTab.png" contentdepth="100%"
                        scalefit="1" width="100%"/>
                    </imageobject>
                  </mediaobject>
                </screenshot>
              </figure>
            </para>
            <para><emphasis role="italic">Tip</emphasis>. If your diagram is going to have a big
              amount of entities, instead of creating all of them one by one: create some > select
              them (left click and drag or hold down the Ctrl or Shift keys) > right click >
                <emphasis role="bold">Duplicate Selected Entities</emphasis>.</para>
            <para>By comparison, you can use the option <emphasis role="bold">Merge Selected
                Entities</emphasis> when, for example, you have two separate entities carrying
              different pieces of information, and you find them to be the same individual.
              Therefore, you want to make them merge into a single entity. What results from the
              merger is a single entity carrying the data of both entities which have been merged . </para>
          </listitem>
          <listitem>
            <para>Select the entity you have created. At the bottom of the page you will see a table
              with some information to fill in: name, gender, date of birth, date of death, etc. </para>
            <para>Once you have entered the required information, either click on the entity or
              select <emphasis role="bold">Save all data changes</emphasis> from the right click
              menu. The entity should now show such infomation.</para>
            <para>
              <figure>
                <title>How to create entities</title>
                <screenshot>
                  <screeninfo/>
                  <mediaobject>
                    <imageobject>
                      <imagedata fileref="images/CreateIndividual.png" contentdepth="100%"
                        scalefit="1" width="100%"/>
                    </imageobject>
                  </mediaobject>
                </screenshot>
              </figure>
            </para>
            <para id="para_custom_fields">As far as <emphasis role="bold">kinship data</emphasis>
              are concerned, you can:</para>
            <para>
              <itemizedlist>
                <listitem>
                  <para><emphasis role="underline">add custom fields</emphasis>. Right click on the
                    table and choose the one(s) you need from the list. Alternatively, you can type
                    the field by yourself, using the option <emphasis role="bold">Add &lt;custom
                      field></emphasis> (again, via right click menu).</para>
                </listitem>
                <listitem>
                  <para><emphasis role="underline">add the same custom field to several
                      entities</emphasis>. Select all the entities you need > from the table at the
                    bottom of the page select again all the entities (hold down <emphasis
                      role="bold">Shift</emphasis> or <emphasis role="bold">Ctrl</emphasis> keys) >
                    right click > <emphasis role="bold">Add</emphasis>. All the entities in the
                    table will now carry the same new custom field.</para>
                </listitem>
                <listitem>
                  <para><emphasis role="underline">delete custom fields</emphasis>. Select the field
                    you want to delete > right click > <emphasis role="bold">Delete field
                      "..."</emphasis>.</para>
                  <para>
                    <figure>
                      <title>Add/delete custom fields</title>
                      <screenshot>
                        <screeninfo/>
                        <mediaobject>
                          <imageobject>
                            <imagedata fileref="images/AddCustomFields.png" contentdepth="100%"
                              scalefit="1" width="100%"/>
                          </imageobject>
                        </mediaobject>
                      </screenshot>
                    </figure>
                  </para>
                </listitem>
                <listitem>
                  <para>decide <emphasis role="underline">which custom fields need to be
                      shown</emphasis> on the diagram next to the entity. To do so: </para>
                  <para>
                    <orderedlist>
                      <listitem>
                        <para><emphasis role="bold">Diagram Options</emphasis> menu > <emphasis
                            role="bold">Settings</emphasis> > <emphasis role="bold">Label
                            fields</emphasis> tab;</para>
                      </listitem>
                      <listitem>
                        <para>Choose the field from the drop down menu located into the mentioned
                          tab, and click on <emphasis role="bold">Add</emphasis>.</para>
                      </listitem>
                      <listitem>
                        <para>By contrast, to delete fields, click on the small squares on the right
                          of the tab (see red arrow in the figure below).</para>
                        <para>
                          <figure>
                            <title>How to customize kinship data</title>
                            <screenshot>
                              <screeninfo/>
                              <mediaobject>
                                <imageobject>
                                  <imagedata fileref="images/LabelFieldsTab.png" contentdepth="100%"
                                    scalefit="1" width="100%"/>
                                </imageobject>
                              </mediaobject>
                            </screenshot>
                          </figure>
                        </para>
                      </listitem>
                    </orderedlist>
                  </para>
                </listitem>
              </itemizedlist>
            </para>
          </listitem>
          <listitem>
            <para id="para_add-relations">Once that several, single entities have been created, you
              may also want to <emphasis role="underline">create relations</emphasis> between them.
              To do so:</para>
            <para>
              <itemizedlist>
                <listitem>
                  <para>select how many entities you need (click on them while holding down the Ctrl
                    or Shift key on the keyboard) and right click. You can choose between: <emphasis
                      role="bold">sibling</emphasis>, <emphasis role="bold">ancestor</emphasis>,
                      <emphasis role="bold">descendant</emphasis>, <emphasis role="bold"
                      >union</emphasis>, <emphasis role="bold">kinterm</emphasis>, <emphasis
                      role="bold">other</emphasis> (the latter meaning that the relation connecting
                    two, or more, entities, is not a sanguine relation, but it has to do with other
                    kinds of relationships), <emphasis role="bold">directedin</emphasis> (a relation
                      <emphasis role="underline">from</emphasis> one specific entity), <emphasis
                      role="bold">directedout</emphasis> (a relation <emphasis role="underline"
                      >towards</emphasis> one specific entity), <emphasis role="bold"
                      >undirected</emphasis> (a bidirectional relation). </para>
                  <para>
                    <note>
                      <para>as far as <emphasis role="underline">ancestor</emphasis> and <emphasis
                          role="underline">descendant</emphasis> are concerned, the choice of one or
                        the other depends on which entity you select first. In other words: if you
                        select the parent first, then you have to use the descendant relation,
                        whereas if you select the child first, you will have to choose the ancestor
                        relation.</para>
                    </note>
                  </para>
                  <para>Alternatively, you can simply select one entity, take the little blue circle
                    you need, and drag it to the other entity (see figure below).</para>
                  <para>
                    <figure>
                      <title>Add relations</title>
                      <screenshot>
                        <screeninfo/>
                        <mediaobject>
                          <imageobject>
                            <imagedata fileref="images/AddRelations.png" contentdepth="100%"
                              scalefit="1" width="100%"/>
                          </imageobject>
                        </mediaobject>
                      </screenshot>
                    </figure>
                  </para>
                </listitem>
              </itemizedlist>
            </para>
            <para>When you create an <emphasis role="bold">egocentric diagram</emphasis>, you may
              want to set one of the entities present on it as its "starting point". To do so: </para>
            <para>Select the entity you want to set as ego > right click > choose <emphasis
                role="bold">Set as Ego (list will be cleared)</emphasis>. That entity will go
              black.</para>
            <para>The text into brackets (<emphasis role="bold">list will be cleared</emphasis>)
              means that a diagram can only have one ego. The moment you try to set a second ego on
              the same diagram, the other one will return a normal entity again. One excludes the
              other.</para>
            <para>However, if you have <emphasis role="underline">several diagrams</emphasis>, you
              can set <emphasis role="underline">several egos</emphasis>: select the entity > right
              click > <emphasis role="bold">Add to ego list</emphasis>.</para>
            <para>By contrast, if you want your ego to turn back to a normal entity: select the
              entity > right click > <emphasis role="bold">Remove from ego list</emphasis>.</para>
            <para/>
            <para id="para_remove_relations">To <emphasis role="underline">remove
                relations</emphasis> between entities:</para>
            <para>
              <itemizedlist>
                <listitem>
                  <para>select the necessary entities (click on them while holding down the Ctrl or
                    Shift key on the keyboard) and right click. From the menu coming out choose
                      <emphasis role="bold">Remove Relations</emphasis> > <emphasis role="bold"
                      >Remove relations between selected</emphasis>. </para>
                </listitem>
              </itemizedlist>
            </para>
            <para id="para_remove_delete_entities">To <emphasis role="underline">delete/remove
                entities</emphasis>:</para>
            <para>
              <itemizedlist>
                <listitem>
                  <para>select the necessary entity > right click > <emphasis role="bold">Delete
                      selected from project</emphasis>. The entity will be deleted from the database
                    and from all diagrams. </para>
                </listitem>
                <listitem>
                  <para>select the necessary entity > right click > <emphasis role="bold">Release
                      from diagram</emphasis>. The entity will be removed from the diagram you are
                    working on, but in this case it will remain in the database, unlike with the
                    option <emphasis role="bold">Delete selected form project</emphasis>, just
                    described.</para>
                </listitem>
              </itemizedlist>
            </para>
            <para id="para_customize_relations">Relations between entities can be personalized
              through a series of graphical options. To <emphasis role="underline"
                >customize</emphasis> such <emphasis role="underline">relations</emphasis>:</para>
            <para>
              <itemizedlist>
                <listitem>
                  <para><emphasis role="bold">Diagram Options</emphasis> menu > <emphasis
                      role="bold">Settings</emphasis> > <emphasis role="bold">Relation Type
                      Definitions</emphasis> tab. This tab, in turn, is made up of sub-tabs:</para>
                  <para><emphasis role="bold">Custom Name</emphasis>: a free text field to make the
                    relation more specific;</para>
                  <para><emphasis role="bold">Data Category</emphasis>: the data can carry an ISOcat
                    link;</para>
                  <para><emphasis role="bold">Relation Type</emphasis>: you can choose among the
                    types seen above (sibling, union, etc.);</para>
                  <para><emphasis role="bold">Line Colour</emphasis>: you can set a different colour
                    for each one of the different relation lines;</para>
                  <para><emphasis role="bold">Line Width</emphasis>: the relation lines can be
                    thicker or thinner;</para>
                  <para><emphasis role="bold">Line/Dash</emphasis>: the relations line can be either
                    continuous lines or dashed lines, with the dashes being thicker or
                    thinner;</para>
                  <para><emphasis role="bold">Curve Line Orientation</emphasis>: you can choose
                    between horizontal and vertical orientation. This option, however, is <emphasis
                      role="underline"><emphasis role="bold">not</emphasis> valid for sanguine
                      relations lines</emphasis>.</para>
                  <para>Look at the figure below to see how these features work.</para>
                </listitem>
              </itemizedlist>
            </para>
            <figure>
              <title>How to customize entities relations</title>
              <screenshot>
                <screeninfo/>
                <mediaobject>
                  <imageobject>
                    <imagedata fileref="images/RelationTypeDefinitionTab.png" contentdepth="100%"
                      scalefit="1" width="100%"/>
                  </imageobject>
                </mediaobject>
              </screenshot>
            </figure>
            <figure>
              <title>Example </title>
              <screenshot>
                <screeninfo/>
                <mediaobject>
                  <imageobject>
                    <imagedata fileref="images/CustomizeRelations2.png" contentdepth="100%"
                      scalefit="1" width="100%"/>
                  </imageobject>
                </mediaobject>
              </screenshot>
            </figure>
          </listitem>
          <listitem>
            <para id="para_link_archive_data">To <emphasis role="underline">link some archive
                data</emphasis> to your kinship data (the main function of KinOath Kinship
              Archiver):</para>
            <para>
              <orderedlist>
                <listitem>
                  <para><emphasis role="bold">Panels</emphasis> menu > <emphasis role="bold">Archive
                      Linker</emphasis>. A panel will open on the right of the page, called
                      <emphasis role="bold">The TLA Language Archiver</emphasis> (if you have been
                    using <emphasis role="bold">Arbil</emphasis>, then two other tabs may also open
                    in the same panel: <emphasis role="bold">Arbil Remote Corpus</emphasis> and
                      <emphasis role="bold">Arbil Local Corpus</emphasis>).</para>
                </listitem>
                <listitem>
                  <para>Choose the resource you need from the tree and drag it to the corresponding
                    entity in the <emphasis role="bold">Diagram Tree</emphasis> tab that you can see
                    on the left of the page. The archive reference will be shown next to the entity.
                    See figure below. The numbers point out how many references have been
                    linked.</para>
                  <para>
                    <figure>
                      <title>Archive Linker</title>
                      <screenshot>
                        <screeninfo/>
                        <mediaobject>
                          <imageobject>
                            <imagedata fileref="images/archiveLinks.png" contentdepth="100%"
                              scalefit="1" width="100%"/>
                          </imageobject>
                        </mediaobject>
                      </screenshot>
                    </figure>
                  </para>
                </listitem>
              </orderedlist>
            </para>
          </listitem>
          <listitem>
            <para id="para_save_and_export">To <emphasis role="underline">save</emphasis> the
              diagram you have created: </para>
            <para><emphasis role="bold">File</emphasis> menu > <emphasis role="bold">Save as
                (</emphasis><emphasis role="italic">name of the diagram</emphasis><emphasis
                role="bold">)</emphasis> > choose a directory and a file name.</para>
            <para>Besides the normal saving process, you have other options you can choose from in
                <emphasis role="bold">File</emphasis> menu:</para>
            <itemizedlist>
              <listitem>
                <para><emphasis role="bold">Export as PDF/JPEG/PNG/TIFF</emphasis>: this option
                  allows you to export files (in one of the following formats: PDF, JPEG, PNG and
                  TIFF) to a directory in your computer. As in the previous option, <emphasis
                    role="bold">Save as</emphasis>, when selecting <emphasis role="bold">Export
                    as</emphasis> you will be asked to choose a directory and a file name plus, in
                  this case, a file format. </para>
              </listitem>
              <listitem>
                <para><emphasis role="bold">Export for R / SPSS</emphasis>: this option allows you
                  to export a KinOath diagram to either R or SPSS, two programs you can mainly use
                  to statistically analyse your data. The file format is, by deafult, <emphasis
                    role="italic">.tab</emphasis>. </para>
                <para>
                  <note>
                    <para>The file you have saved, or exported, is also <emphasis role="underline"
                        >visible on a web page</emphasis>. You only have to take it from the
                      directory and drag it into a web browser.</para>
                    <para>Once the diagram is open on a web page, the archive links possibly
                      existing become hyperlinks. If you select them you will be redirected to their
                      corresponding location on the IMDI Browser tree.</para>
                  </note>
                </para>
              </listitem>
            </itemizedlist>
          </listitem>
          <listitem>
            <para id="para_close_and_exit">To <emphasis role="underline">close</emphasis>:</para>
            <para>
              <itemizedlist>
                <listitem>
                  <para><emphasis role="underline">only the page you are working on</emphasis>:
                      <emphasis role="bold">File</emphasis> menu > <emphasis role="bold">Close
                      (</emphasis><emphasis role="italic">name of the diagram</emphasis><emphasis
                      role="bold">)</emphasis>;</para>
                </listitem>
                <listitem>
                  <para><emphasis role="underline">the whole application</emphasis>: <emphasis
                      role="bold">File</emphasis> menu > <emphasis role="bold"
                    >Exit</emphasis>.</para>
                </listitem>
              </itemizedlist>
            </para>
          </listitem>
        </orderedlist>
      </para>
      <para id="para_add_entities_search_tab"><emphasis role="underline">To work on already existing
          database:</emphasis></para>
      <para>
        <orderedlist>
          <listitem>
            <para id="para_open_import_diagram">First of all, you have to <emphasis role="underline"
                >import data</emphasis>. To do so:</para>
            <para>
              <itemizedlist>
                <listitem>
                  <para>if you have data of your own, you can import data in two different ways: </para>
                  <para>
                    <itemizedlist>
                      <listitem>
                        <para><emphasis role="bold">File</emphasis> menu > <emphasis role="bold"
                            >Open Diagram</emphasis> > choose the necessary file > <emphasis
                            role="bold">Open</emphasis>. </para>
                      </listitem>
                      <listitem>
                        <para><emphasis role="bold">File</emphasis> menu > <emphasis role="bold"
                            >Import Gedcom/CSV/TIP file (into current project)</emphasis> > choose
                          the necessary file > <emphasis role="bold">Open</emphasis>;</para>
                      </listitem>
                    </itemizedlist>
                  </para>
                  <para>You may also want to <emphasis role="underline">re-open a recently closed
                      diagram</emphasis>. To do so:</para>
                  <para>
                    <itemizedlist>
                      <listitem>
                        <para>File menu > <emphasis role="bold">Open Recent Diagram</emphasis> >
                          choose the necessary diagram. If you want to delete such list select
                            <emphasis role="bold">Clear list</emphasis> (it is located at the bottom
                          of the list). </para>
                      </listitem>
                    </itemizedlist>
                  </para>
                </listitem>
                <listitem>
                  <para>otherwise, if you want to become more familiar with the application, you can
                    use the sample data contained into the application itself: <emphasis role="bold"
                      >File</emphasis> menu > <emphasis role="bold">Import Sample Data (into current
                      project)</emphasis> > choose the data you want to import. </para>
                </listitem>
                <listitem>
                  <para>when you start the import, a window like the one below appears. Select
                      <emphasis role="bold">Start Import</emphasis>. Once the process has finished,
                    select <emphasis role="bold">Close</emphasis>. The entities will be now listed
                    in the <emphasis role="bold">Project Tree</emphasis> tab on the left of the
                    page.</para>
                  <para>
                    <note>
                      <para>In the project tree you will see only the <emphasis role="underline"
                          >top-level ancestors</emphasis> of the genealogical tree, so that very big
                        database, with a big amount of entities, will not result too
                        confusing.</para>
                    </note>
                  </para>
                  <para>
                    <figure>
                      <title>Import process</title>
                      <screenshot>
                        <screeninfo/>
                        <mediaobject>
                          <imageobject>
                            <imagedata fileref="images/ImportProcess.png" contentdepth="100%"
                              scalefit="1" width="100%"/>
                          </imageobject>
                        </mediaobject>
                      </screenshot>
                    </figure>
                  </para>
                </listitem>
              </itemizedlist>
            </para>
          </listitem>
          <listitem>
            <para>Now open the <emphasis role="bold">Search Entities</emphasis> tab on the left of
              the page and enter the name of the entity you want to search for. Press <emphasis
                role="bold">Enter</emphasis>, or click on <emphasis role="bold">Search</emphasis>.
              All the entities somehow related to your search will be listed in the same tab.</para>
            <para>Entities can also be searched with <emphasis role="underline">fuzzy
                matching</emphasis>, so that possible spelling mistakes will not interfere with the
              search.</para>
          </listitem>
          <listitem>
            <para>The results can also be <emphasis role="underline">expanded through kin type
                strings</emphasis>. To do so:</para>
            <para>
              <itemizedlist>
                <listitem>
                  <para>check the option <emphasis role="bold">Expand selection by kin type
                      string</emphasis>. </para>
                </listitem>
                <listitem>
                  <para>in the white field located below the just mentioned option enter the
                    necessary kin type strings (you can find a list of the main kin type strings
                    below in <xref linkend="Sec_Freeform_Diagram"/>
                    <xref linkend="para_kin_type_strings"/>). As you enter different strings, the
                    diagram updates itself accordingly.</para>
                  <para>
                    <figure>
                      <title>Search Entities tab</title>
                      <screenshot>
                        <screeninfo/>
                        <mediaobject>
                          <imageobject>
                            <imagedata fileref="images/SearchEntitiesTab2.png" contentdepth="100%"
                              scalefit="1" width="100%"/>
                          </imageobject>
                        </mediaobject>
                      </screenshot>
                    </figure>
                  </para>
                </listitem>
              </itemizedlist>
            </para>
          </listitem>
        </orderedlist>
      </para>
    </section>
    <section id="Sec_Freeform_Diagram">
      <title>Freeform Diagram (transient)</title>
      <para>A freeform diagram is a type of diagram created through the use of kin type strings
        (i.e. letters indicating kin terms) and of labels (i.e. names, dates, Ids, etc.).</para>
      <para>To <emphasis role="underline">create</emphasis> a freeform diagram: </para>
      <para>
        <orderedlist>
          <listitem>
            <para><emphasis role="bold">File</emphasis> menu > <emphasis role="bold">New Diagram of
                Type</emphasis> > <emphasis role="bold">Freeform Diagram (transient)</emphasis>; a
              new page of the application will open. On top of this page you will see a white panel
              called <emphasis role="bold">Kin Type Strings</emphasis>, from which you will create
              your diagram.</para>
          </listitem>
          <listitem>
            <para id="para_kin_type_strings">Here is a list of the main kyn type strings. A more
              detailed list can be found through the path: <emphasis role="bold">Diagram
                Options</emphasis> menu > <emphasis role="bold">Settings</emphasis> > <emphasis
                role="bold">Kin Type Definitions</emphasis> tab:</para>
            <para><emphasis role="bold">E</emphasis> = ego; <emphasis role="bold">Ef</emphasis>=
              female ego; <emphasis role="bold">Em</emphasis> = male ego; <emphasis role="bold"
                >x</emphasis> = undefined</para>
            <para><emphasis role="bold">F</emphasis> or <emphasis role="bold">Fa</emphasis> =
              father; <emphasis role="bold">M</emphasis> or <emphasis role="bold">Mo</emphasis> =
              mother; <emphasis role="bold">P</emphasis> or <emphasis role="bold">Pa</emphasis> =
              parent</para>
            <para><emphasis role="bold">B</emphasis> or <emphasis role="bold">Br</emphasis> =
              brother; <emphasis role="bold">Z</emphasis> or <emphasis role="bold">Si</emphasis> =
              sister; <emphasis role="bold">Sb</emphasis> = sibling</para>
            <para><emphasis role="bold">S</emphasis> or <emphasis role="bold">So</emphasis> = son;
                <emphasis role="bold">D</emphasis> or <emphasis role="bold">Da</emphasis> =
              daughter; <emphasis role="bold">C</emphasis> or <emphasis role="bold">Ch</emphasis> =
              child</para>
            <para><emphasis role="bold">H</emphasis> or <emphasis role="bold">Hu</emphasis> =
              husband; <emphasis role="bold">W</emphasis> or <emphasis role="bold">Wi</emphasis> =
              wife; <emphasis role="bold">So</emphasis> = spouse</para>
            <para><emphasis role="bold">*</emphasis> = first-degree relatives</para>
            <para id="para_add_new_kin_types">If you want to <emphasis role="underline">add new kin
                types</emphasis> to the list:</para>
            <para>
              <itemizedlist>
                <listitem>
                  <para><emphasis role="bold">Diagram Options</emphasis> menu > <emphasis
                      role="bold">Settings</emphasis> > <emphasis role="bold">Kin Type
                      Definitions</emphasis> tab:</para>
                </listitem>
                <listitem>
                  <para>fill in the required information: </para>
                  <para>
                    <itemizedlist>
                      <listitem>
                        <para><emphasis role="bold">Kin Type String</emphasis>: the letter(s)
                          indicating the relation type carried by the entity; </para>
                      </listitem>
                      <listitem>
                        <para><emphasis role="bold">Relation Type</emphasis>: which kind of relation
                          that letter stands for; </para>
                      </listitem>
                      <listitem>
                        <para><emphasis role="bold">Symbol Type</emphasis>: how the entity will be
                          graphically represented on the diagram;</para>
                      </listitem>
                      <listitem>
                        <para><emphasis role="bold">Display Name</emphasis>: what the letter stands
                          for.</para>
                      </listitem>
                    </itemizedlist>
                  </para>
                  <para>Here is an <emphasis role="underline">example</emphasis>: </para>
                  <para>Kin Type String: <emphasis role="bold">Q</emphasis></para>
                  <para>Relation Type: <emphasis role="bold">sibling</emphasis></para>
                  <para>Symbol Type: <emphasis role="bold">triangle</emphasis>, <emphasis
                      role="bold">circle</emphasis></para>
                  <para>Display Name: <emphasis role="bold">Brother-Sister</emphasis></para>
                  <para>
                    <note>
                      <para>Bear in mind though, that a new kin type added to a standard diagram
                        behaves differently from a new kin type added to a freeform diagram. Let's
                        take into account the example just shown.</para>
                      <para>As far as a <emphasis role="underline">standard diagram</emphasis> is
                        concerned, the new kin type represents a filter, which means that when you
                        look up an entity, e.g. Albert_Iof_Monaco, and use the 'Q' kin type, in the
                        central panel you will see the entity searched for, plus all those other
                        individuals (both male and female given the previously set symbol types)
                        carrying a sibling-relation type with it. To put it simply, you will see
                        Albert_Iof_Monaco and his, possibly existing, brother/s and sister/s.</para>
                      <para>By contrast, in the case of a <emphasis role="underline">freeform
                          diagram</emphasis>, what the new kin type does is creating new entities
                        from scratch. In other words, if in the Kin Type Strings panel you type, for
                        example, 'EfQ', in the central panel you will see a female ego which is the
                        - so to speak - reference point of yout diagram, together with a brother
                        (sibling relation + triangle) and a sister (sibling relation + circle).
                      </para>
                    </note>
                  </para>
                </listitem>
              </itemizedlist>
            </para>
          </listitem>
          <listitem>
            <para id="para_add_labels">As you enter the necessary strings into the panel you will
              see your diagram take form.</para>
            <para>Besides the mere kin type definitions, however, you can also <emphasis
                role="underline">add labels</emphasis> to the entities, such as names and dates. To
              do so:</para>
            <para>
              <itemizedlist>
                <listitem>
                  <para>you first have to enter a <emphasis role="underline">colon</emphasis> after
                    the kin type definition and then the label(s); </para>
                </listitem>
                <listitem>
                  <para>different labels belonging to the same entity need to be separated by a
                      <emphasis role="underline">semi-colon</emphasis>; </para>
                </listitem>
                <listitem>
                  <para>another <emphasis role="underline">colon</emphasis> goes after the last
                    label and before the (possibly) following kin type definition.</para>
                </listitem>
                <listitem>
                  <para>labels need to be entered in a fixed order, which is: </para>
                  <para>
                    <itemizedlist>
                      <listitem>
                        <para><emphasis role="italic">Id</emphasis>: an Id is added when the same
                          kin type definition is used for different entities, so that you are able
                          to distinguish them; it is represented by a #-sign followed by a number.
                          So, for example, if you have two male egos, one will be simply <emphasis
                            role="italic">Em</emphasis>, and the other <emphasis role="italic"
                            >Em:#1</emphasis>. </para>
                        <para>You can decide whether to show or hide the Ids. To show them:
                            <emphasis role="bold">Diagram Options</emphasis> > check the item
                            <emphasis role="bold">Show Id Labels</emphasis>. Leave it unchecked to
                          hide them.</para>
                      </listitem>
                      <listitem>
                        <para><emphasis role="italic">name</emphasis>
                        </para>
                      </listitem>
                      <listitem>
                        <para><emphasis role="italic">surname</emphasis></para>
                      </listitem>
                      <listitem>
                        <para><emphasis role="italic">date of birth</emphasis></para>
                      </listitem>
                      <listitem>
                        <para><emphasis role="italic">date of death</emphasis></para>
                      </listitem>
                    </itemizedlist>
                  </para>
                  <para>
                    <figure>
                      <title>Freeform Diagram</title>
                      <screenshot>
                        <screeninfo/>
                        <mediaobject>
                          <imageobject>
                            <imagedata fileref="images/FreeformDiagram2.png" contentdepth="100%"
                              scalefit="1" width="100%"/>
                          </imageobject>
                        </mediaobject>
                      </screenshot>
                    </figure>
                  </para>
                </listitem>
              </itemizedlist>
            </para>
          </listitem>
          <listitem>
            <para id="para_sample_diagram">The application also contains some <emphasis
                role="underline">sample freeform diagrams</emphasis>, named <emphasis role="bold"
                >Freeform Diagram Syntax</emphasis>, <emphasis role="bold">Named Transient
                Entities</emphasis>, <emphasis role="bold">Matrimonial Ring Examples</emphasis>,
                <emphasis role="bold">Charles II of Spain</emphasis>. To open them: </para>
            <para>
              <itemizedlist>
                <listitem>
                  <para><emphasis role="bold">File</emphasis> menu > <emphasis role="bold">Open
                      Sample Diagram</emphasis> > <emphasis role="italic">name of the sample
                      diagram</emphasis>.</para>
                </listitem>
                <listitem>
                  <para>If you want to modify such diagram, you can:</para>
                  <para>
                    <itemizedlist>
                      <listitem>
                        <para>either click on the main panel of the page > a message will come out:
                            <emphasis role="bold">The diagram needs to be recalculated before it can
                            be interacted with. Recalculate now?</emphasis> > <emphasis role="bold"
                            >OK</emphasis>. </para>
                      </listitem>
                      <listitem>
                        <para>or open <emphasis role="bold">Edit</emphasis> menu > <emphasis
                            role="bold">Recalculate the Diagram</emphasis>.</para>
                      </listitem>
                    </itemizedlist>
                  </para>
                </listitem>
              </itemizedlist>
            </para>
          </listitem>
          <listitem>
            <para>To <emphasis role="underline">save</emphasis> the diagram: see <xref
                linkend="Sec_Standard_Diagram"/>, point 6.</para>
          </listitem>
        </orderedlist>
      </para>
    </section>
    <section id="Sec_Kin_Terms_Diagram">
      <title>Kin Terms Diagram (transient)</title>
      <para>A kin terms diagram is a type of diagram created from the use of kin terms, defined, in
        turn, through kin type strings. Kin terms can be grouped, and each group can be given a
        different name and colour.</para>
      <para>To <emphasis role="underline">create</emphasis> a kin terms diagram:</para>
      <para>
        <orderedlist>
          <listitem>
            <para><emphasis role="bold">File</emphasis> menu > <emphasis role="bold">New Diagram of
                Type</emphasis> > <emphasis role="bold">Kin Terms Diagram</emphasis>; a new page of
              the application will open. On the right of the page you will see a panel called
                <emphasis role="bold">Kin Term Group (unnamed)</emphasis>, from which you will
              create your diagram.</para>
          </listitem>
          <listitem>
            <para>In the white string located on top of the panel you can enter the name of your
              diagram;</para>
          </listitem>
          <listitem>
            <para id="para_kin_term_group_table">The panel contains a table with some information to
              fill in:</para>
            <para>
              <itemizedlist>
                <listitem>
                  <para><emphasis role="bold">Kin Term</emphasis>: here you have to enter the kin
                    terms that will also represent the labels of the entities in the diagram;</para>
                </listitem>
                <listitem>
                  <para><emphasis role="bold">Referent Kin Type Strings</emphasis>: in this second
                    column you have to enter, for each kin term, its corresponding definition, i.e.
                    the letters listed in <xref linkend="Sec_Freeform_Diagram"/>, point 2;</para>
                </listitem>
                <listitem>
                  <para><emphasis role="bold">Propositus Kin Type Strings</emphasis>: <emphasis
                      role="italic">this option is not yet functional</emphasis>;</para>
                </listitem>
                <listitem>
                  <para><emphasis role="bold">Description</emphasis>: here you explain your kin
                    terms; for example, you can add an English gloss if the kin terms entered are in
                    another language.</para>
                  <para>
                    <figure>
                      <title>Kin Terms Diagram</title>
                      <screenshot>
                        <screeninfo/>
                        <mediaobject>
                          <imageobject>
                            <imagedata fileref="images/KinTermsDiagram2.png" width="100%"
                              contentdepth="100%" scalefit="1"/>
                          </imageobject>
                        </mediaobject>
                      </screenshot>
                    </figure>
                  </para>
                </listitem>
              </itemizedlist>
            </para>
          </listitem>
          <listitem>
            <para id="para_new_kin_term_group">You can also have <emphasis role="underline">several
                kin term groups for the same diagram</emphasis>. </para>
            <para>To add other groups: <emphasis role="bold">Kin Terms</emphasis> menu > <emphasis
                role="bold">New Kin Term Group</emphasis>. A new tab (the same as the one described
              above) will appear. The information to fill in is the same as before.</para>
            <para>In the figure below you can see a <emphasis role="underline">sample kin terms
                diagram</emphasis> with two kin term groups:</para>
            <para>
              <figure>
                <title>Japanese Kin Terms Diagram</title>
                <screenshot>
                  <screeninfo/>
                  <mediaobject>
                    <imageobject>
                      <imagedata fileref="images/JapaneseKinTerms.png" scalefit="1" width="100%"
                        contentdepth="100%"/>
                    </imageobject>
                  </mediaobject>
                </screenshot>
              </figure>
            </para>
            <para>
              <note>
                <para>Besides <emphasis role="bold">Japanese Kin Terms</emphasis>, the application
                  contains two other sample diagrams of this kind: <emphasis role="bold">Hawaiian
                    Kin Terms</emphasis>, and <emphasis role="bold">Swedish Kin Terms</emphasis>,
                  reachable via <emphasis role="bold">File</emphasis> menu > <emphasis role="bold"
                    >Open Sample Diagram</emphasis>.</para>
              </note>
            </para>
          </listitem>
          <listitem>
            <para><emphasis role="underline"><emphasis role="bold">Further
                options:</emphasis></emphasis></para>
            <para>
              <itemizedlist>
                <listitem>
                  <para><emphasis role="underline">to show or hide the kin terms on the
                      diagram</emphasis> > respectively check or uncheck the option <emphasis
                      role="bold">Show on graph</emphasis>. It is checked by default;</para>
                </listitem>
                <listitem>
                  <para><emphasis role="underline">to show or hide the whole diagram</emphasis> >
                    respectively check or uncheck the option <emphasis role="bold">Generate Example
                      Entities</emphasis>. It is checked by default;</para>
                </listitem>
                <listitem>
                  <para><emphasis role="underline">to delete some of the kin terms</emphasis> >
                    check the corresponding little squares on the right of the column <emphasis
                      role="bold">Description</emphasis> and click on <emphasis role="bold">Delete
                      Selected</emphasis>. The option to <emphasis role="underline">delete the whole
                      kin terms group</emphasis> (<emphasis role="bold">Delete Group</emphasis>) is
                      <emphasis role="italic">not yet functional</emphasis>. </para>
                </listitem>
              </itemizedlist>
            </para>
          </listitem>
          <listitem id="para_export_import">
            <para>To <emphasis role="underline">save</emphasis> the diagram: see <xref
                linkend="Sec_Standard_Diagram"/>, point 6.</para>
            <para>You can also save/export the kin terms diagram you have created via <emphasis
                role="bold">Kin Terms</emphasis> menu > <emphasis role="bold">Export</emphasis> >
              choose a file name and a directory > <emphasis role="bold">Save</emphasis>.</para>
            <para>If you want to (re-)open a kin terms diagram: <emphasis role="bold">Kin
                Terms</emphasis> menu > <emphasis role="bold">Import</emphasis> > choose the file
              you want to import > <emphasis role="bold">Open</emphasis> > the diagram will open,
              together with a message telling you how many entities have been imported.</para>
          </listitem>
        </orderedlist>
      </para>
    </section>
    <section id="Sec_Query_Diagram">
      <title>Query Diagram (current project)</title>
      <para>A query diagram is a project-based diagram whose entities can be searched for through
        the kin type strings. Like with the standard diagram, here as well you can create a project
        before creating the actual diagram (see paragraph <xref linkend="para_create_a_project"/> ). </para>
      <para>To <emphasis role="underline">create</emphasis> a query diagram:</para>
      <para>
        <orderedlist>
          <listitem>
            <para><emphasis role="bold">File</emphasis> menu > <emphasis role="bold">New Diagram of
                Type</emphasis> > <emphasis role="bold">Query Diagram</emphasis>; a new page of the
              application will open, with some panels: <emphasis role="bold">Diagram
              Tree</emphasis>, <emphasis role="bold">Project Tree</emphasis> (on the left),
                <emphasis role="bold">Kin Type Strings</emphasis> (on top).</para>
          </listitem>
          <listitem>
            <para>This type of diagram allows you to <emphasis role="underline">search for entities
                within the entire KinOath Kinship Archiver database</emphasis>.</para>
            <para id="para_search_database">You can <emphasis role="underline">make your
                query</emphasis> in two ways:</para>
            <para>
              <itemizedlist>
                <listitem>
                  <para>you can use the <emphasis role="underline">kin type definitions</emphasis>
                    seen above with the freeform diagram, together with labels (names, dates, etc.).
                    See the example below:</para>
                  <para>
                    <figure>
                      <title>Query Diagram example 1</title>
                      <screenshot>
                        <screeninfo/>
                        <mediaobject>
                          <imageobject>
                            <imagedata fileref="images/QueryDiagramExample1.png" contentdepth="100%"
                              scalefit="1" width="100%"/>
                          </imageobject>
                        </mediaobject>
                      </screenshot>
                    </figure>
                  </para>
                  <para>The entities you have searched for are now listed in the <emphasis
                      role="bold">Diagram Tree </emphasis>tab.</para>
                </listitem>
                <listitem>
                  <para>you can make your query even more detailed: </para>
                  <para>
                    <itemizedlist>
                      <listitem>
                        <para><emphasis role="bold">Panels</emphasis> menu > check the item
                            <emphasis role="bold">Search Entities</emphasis> > the tab will appear
                          next to <emphasis role="bold">Diagram Tree</emphasis> and <emphasis
                            role="bold">Project Tree</emphasis> tabs.</para>
                      </listitem>
                      <listitem>
                        <para>Enter the name of the entity you want to find into the white string >
                          press <emphasis role="bold">Enter</emphasis> or click on <emphasis
                            role="bold">Search</emphasis> > all the entities somehow related to your
                          query will be there listed.</para>
                      </listitem>
                      <listitem>
                        <para>Take the specific entity you are looking for and drag it to the
                            <emphasis role="bold">Kin Type Strings</emphasis> panel, preceded by 'E'
                          or 'x', which stand for 'undefined ego'. This will appear on the main
                          panel. Add other kin strings if you want to modify your query.</para>
                        <para>
                          <figure>
                            <title>Query Diagram example 2</title>
                            <screenshot>
                              <screeninfo/>
                              <mediaobject>
                                <imageobject>
                                  <imagedata fileref="images/QueryDiagramExample2.png"
                                    contentdepth="100%" scalefit="1" width="100%"/>
                                </imageobject>
                              </mediaobject>
                            </screenshot>
                          </figure>
                        </para>
                      </listitem>
                    </itemizedlist>
                  </para>
                </listitem>
              </itemizedlist>
            </para>
          </listitem>
          <listitem>
            <para>To <emphasis role="underline">save</emphasis> the diagram: see <xref
                linkend="Sec_Standard_Diagram"/>, point 6.</para>
            <para>
              <note>
                <para>The application contains a couple of sample query diagrams, named <emphasis
                    role="bold">Query Diagram Syntax</emphasis> and <emphasis role="bold"
                    >Haemophilia in European Royalty</emphasis>, reachable via <emphasis role="bold"
                    >File</emphasis> menu > <emphasis role="bold">Open Sample Diagram</emphasis>.
                </para>
              </note>
            </para>
          </listitem>
        </orderedlist>
      </para>
    </section>
    <section>
      <title>Archive Data Linker (current project)</title>
      <para>An archive data linker diagram works, broadly speaking, in the same way as the archive
        linker panel does (see paragraph <xref linkend="para_link_archive_data"/>). Like the
        standard and the query diagram, the archive data linker diagram is project-based. To see how
        to create a project see <xref linkend="para_create_a_project"/> above. </para>
      <para>To <emphasis role="underline">create</emphasis> an archive data linker diagram:</para>
      <para>
        <orderedlist>
          <listitem>
            <para><emphasis role="bold">File</emphasis> menu > <emphasis role="bold">New Diagram of
                Type</emphasis> > <emphasis role="bold">Archive Data Linker (current
                project)</emphasis>; a new page of the application will open, with a tab on the
              right called <emphasis role="bold">Archive Linker</emphasis> and showing the whole
              IMDI Browser tree (according to whether you have been using Arbil, you may see three
              tabs instead of one, all of them called <emphasis role="bold">Archive
                Linker</emphasis>, but containing different trees).</para>
          </listitem>
          <listitem>
            <para>Once you have your diagram ready, select the required archive link from the
              archive linker tree on the right of the page and drag it to the specific entity under
              the diagram tree on the left. The entity on the diagram will now carry the archive
              reference. See figure below.</para>
            <para>
              <figure>
                <title>Archive Data Linker diagram</title>
                <screenshot>
                  <screeninfo/>
                  <mediaobject>
                    <imageobject>
                      <imagedata fileref="images/ArchiveDataLinkerDiagram.png" contentdepth="100%"
                        scalefit="1" width="100%"/>
                    </imageobject>
                  </mediaobject>
                </screenshot>
              </figure>
            </para>
          </listitem>
        </orderedlist>
      </para>
    </section>
    <section id="Sec_Template_Documents">
      <title>Template Documents</title>
      <para>The initial page of the application, or the one with the diagram you are working on can
        become the template document for KinOath Kinship Archiver. To do so:</para>
      <para>
        <itemizedlist>
          <listitem>
            <para>as for the <emphasis role="underline">initial page of the application</emphasis>:
              decide which page (standard diagram, freeform diagram, etc.) you want to be your
              template document > <emphasis role="bold">File</emphasis> menu > <emphasis role="bold"
                >Set Global Default Diagram as (</emphasis><emphasis role="italic">name of the
                diagram</emphasis><emphasis role="bold">)</emphasis>; next time you open the
              application or a new default diagram, you will see that particular page.</para>
          </listitem>
          <listitem>
            <para>as for the <emphasis role="underline">page with your project open</emphasis>:
                <emphasis role="bold">File</emphasis> menu > <emphasis role="bold">Set Project
                Default Diagram as (</emphasis><emphasis role="italic">name of the
                diagram</emphasis><emphasis role="bold">)</emphasis>; next time you open this
              project you will see the diagram previously created in the main panel. Otherwise, if
              you open a project which was not set as default, you will only see the list of
              entities making up the diagram in the project tree on the left of the page.</para>
            <para>To continue working on that diagram you need to recalculate it first (see
              paragraph <xref linkend="para_sample_diagram"/>).</para>
          </listitem>
        </itemizedlist>
      </para>
    </section>
  </chapter>
  <chapter id="Ch_How_to">
    <title>How to...?</title>
    <para>This chapter is aimed at giving brief and straightforward instructions about how to create
      and to work with the different kinds of diagrams.</para>
    <section>
      <title>How to create a project</title>
      <para>To create a new project or open an existing one see <xref
          linkend="para_create_a_project"/>.</para>
    </section>
    <section>
      <title>How to create a standard diagram</title>
      <para>To create a standard diagram see <xref linkend="Sec_Standard_Diagram"/>.</para>
      <para>
        <itemizedlist>
          <listitem>
            <para>How to <emphasis role="bold">add entities</emphasis> through the <emphasis
                role="bold">right click menu</emphasis>: see paragraph <xref
                linkend="para_add_entities_right_click_menu"/>;</para>
          </listitem>
          <listitem>
            <para>How to <emphasis role="bold">add</emphasis> and/or <emphasis role="bold">remove
                relations</emphasis>: see respectively paragraph <xref linkend="para_add-relations"
              /> and <xref linkend="para_remove_relations"/>; </para>
          </listitem>
          <listitem>
            <para>How to <emphasis role="bold">release</emphasis> and/or <emphasis role="bold"
                >delete entities</emphasis>: see paragraph <xref
                linkend="para_remove_delete_entities"/>;</para>
          </listitem>
          <listitem>
            <para>How to <emphasis role="bold">add entities</emphasis> to the diagram through the
                <emphasis role="bold">search tab</emphasis>: see <xref
                linkend="para_add_entities_search_tab"/>.</para>
          </listitem>
        </itemizedlist>
      </para>
    </section>
    <section>
      <title>How to create a freeform diagram </title>
      <para>To create a freeform diagram see <xref linkend="Sec_Freeform_Diagram"/></para>
      <para>
        <itemizedlist>
          <listitem>
            <para>How to use <emphasis role="bold">kin type strings</emphasis>: see paragraphs <xref
                linkend="para_kin_type_strings"/> and <xref linkend="para_add_labels"/>;</para>
          </listitem>
          <listitem>
            <para>How to <emphasis role="bold">add new kin types</emphasis>: see paragraph <xref
                linkend="para_add_new_kin_types"/>.</para>
          </listitem>
        </itemizedlist>
      </para>
    </section>
    <section>
      <title>How to create a kin terms diagram</title>
      <para>To create a kin terms diagram see <xref linkend="Sec_Kin_Terms_Diagram"/></para>
      <para>
        <itemizedlist>
          <listitem>
            <para>How to fill in the <emphasis role="bold">kin term group table</emphasis>: see
              paragraph <xref linkend="para_kin_term_group_table"/>. </para>
          </listitem>
        </itemizedlist>
      </para>
    </section>
    <section>
      <title>How to create a query diagram</title>
      <para>To create a query diagram see <xref linkend="Sec_Query_Diagram"/></para>
      <para>
        <itemizedlist>
          <listitem>
            <para>How to <emphasis role="bold">search for entities into the database</emphasis>: see
              paragraph <xref linkend="para_search_database"/>.</para>
          </listitem>
        </itemizedlist>
      </para>
    </section>
  </chapter>
  <appendix id="app_Menu_options">
    <title>Menu options</title>
    <para>Here is a comprehensive list of all the options that you can find under the several menus
      of the application. Those which have already been explained only report a link to the relevant
      part of the manual. The others, by contrast, carry a brief explanation.</para>
    <para>
      <orderedlist>
        <listitem>
          <para><emphasis role="bold">File</emphasis>:</para>
          <para>
            <itemizedlist>
              <listitem>
                <para><emphasis role="bold">New (default diagram)</emphasis>: see <xref
                    linkend="Sec_Template_Documents"/>;</para>
              </listitem>
              <listitem>
                <para><emphasis role="bold">New Diagram of Type</emphasis>: see <xref
                    linkend="para_new_diagram"/>;</para>
              </listitem>
              <listitem>
                <para><emphasis role="bold">Open Diagram</emphasis>: see paragraph <xref
                    linkend="para_open_import_diagram"/>;</para>
              </listitem>
              <listitem>
                <para><emphasis role="bold">Open Recent Diagram</emphasis>: see paragraph <xref
                    linkend="para_open_import_diagram"/>;</para>
              </listitem>
              <listitem>
                <para><emphasis role="bold">Open Sample Diagram</emphasis>: see paragraph <xref
                    linkend="para_sample_diagram"/></para>
              </listitem>
              <listitem>
                <para><emphasis role="bold">New Project</emphasis>: see <xref
                    linkend="para_create_a_project"/>;</para>
              </listitem>
              <listitem>
                <para><emphasis role="bold">Open Project</emphasis>: see <xref
                    linkend="para_create_a_project"/>;</para>
              </listitem>
              <listitem>
                <para><emphasis role="bold">Open Recent Project</emphasis>: see <xref
                    linkend="para_create_a_project"/>;</para>
              </listitem>
              <listitem>
                <para><emphasis role="bold">Import Gedcom / CSV / TIP file (into current
                    project)</emphasis>: see paragraph <xref linkend="para_open_import_diagram"
                  />;</para>
              </listitem>
              <listitem>
                <para><emphasis role="bold">Import Sample Data (into current project)</emphasis>:
                  see paragraph <xref linkend="para_open_import_diagram"/>;</para>
              </listitem>
              <listitem>
                <para><emphasis role="bold">Save as (<emphasis role="italic">name of the
                      diagram</emphasis>)</emphasis>: see paragraph <xref
                    linkend="para_save_and_export"/>;</para>
              </listitem>
              <listitem>
                <para><emphasis role="bold">Export as PDF/JPEG/PNG/TIFF</emphasis>: see paragraph
                    <xref linkend="para_save_and_export"/>;</para>
              </listitem>
              <listitem>
                <para><emphasis role="bold">Export for R / SPSS</emphasis>: see paragraph <xref
                    linkend="para_save_and_export"/>; </para>
              </listitem>
              <listitem>
                <para><emphasis role="bold">Close (<emphasis role="italic">name of the
                      diagram</emphasis>)</emphasis>: see paragraph <xref
                    linkend="para_close_and_exit"/>;</para>
              </listitem>
              <listitem>
                <para><emphasis role="bold">Set Global Default Diagram as (<emphasis role="italic"
                      >name of the diagram</emphasis>)</emphasis>: see <xref
                    linkend="Sec_Template_Documents"/>;</para>
              </listitem>
              <listitem>
                <para><emphasis role="bold">Set Project Default Diagram as (<emphasis role="italic"
                      >name of the diagram</emphasis>)</emphasis>: see <xref
                    linkend="Sec_Template_Documents"/>;</para>
              </listitem>
              <listitem>
                <para><emphasis role="bold">Exit</emphasis>: see paragraph <xref
                    linkend="para_close_and_exit"/>.</para>
              </listitem>
            </itemizedlist>
          </para>
        </listitem>
        <listitem>
          <para><emphasis role="bold">Edit</emphasis>:</para>
          <para>
            <itemizedlist>
              <listitem>
                <para><emphasis role="bold">Select All</emphasis>: by clicking on this option all
                  the entities of all the diagrams present in the central panel will be highlighted
                  (i.e. they will be sorrounded by a blue, dotted line).</para>
              </listitem>
              <listitem>
                <para><emphasis role="bold">Select Related</emphasis>: if you select one entity and
                  then choose this option, all the entities somehow related to the one selected will
                  be hightlighted.</para>
              </listitem>
              <listitem>
                <para><emphasis role="bold">Expand Selection</emphasis>: if you select one entity
                  and then choose this option, only the entities immediately related to the one
                  selected will be highlighted.</para>
              </listitem>
              <listitem>
                <para><emphasis role="bold">Deselect All</emphasis>: this option is for deselecting
                  the entities, or the relations between entities, which were previously
                  selected.</para>
              </listitem>
              <listitem>
                <para><emphasis role="bold">Recalculate the Diagram</emphasis>: see paragraph <xref
                    linkend="para_sample_diagram"/>.</para>
              </listitem>
            </itemizedlist>
          </para>
        </listitem>
        <listitem>
          <para><emphasis role="bold">Diagram Options</emphasis>:</para>
          <para>
            <itemizedlist>
              <listitem>
                <para><emphasis role="bold">Snap To Grid</emphasis>: this option is checked by
                  default. It allows you to move the entities only to certain directions, as if an
                  imaginary grid was there, and the lines could be placed only on the grid. If
                  unchecked, you can move the entities as you want, with no "grid
                  restriction".</para>
              </listitem>
              <listitem>
                <para><emphasis role="bold">Highlight Selected Relations</emphasis>: if this option
                  is checked, when you select one entity, the relations that this one has with
                  other, immediately close, entities will be highlighted in blue.</para>
              </listitem>
              <listitem>
                <para><emphasis role="bold">Show Diagram Border</emphasis>: if this option is
                  checked, you can see the border of the diagram (a grey line).</para>
              </listitem>
              <listitem>
                <para><emphasis role="bold">Show Sanguin Lines</emphasis>: if this option is
                  unchecked, the sanguine lines connecting one entity to the other disappear.</para>
              </listitem>
              <listitem>
                <para><emphasis role="bold">Show Labels</emphasis>: if this option is unchecked, the
                  labels (names, for example) added to the individuals when creating the diagram
                  disappear. </para>
              </listitem>
              <listitem>
                <para><emphasis role="bold">Show Kin Type Labels</emphasis>: if this option is
                  unchecked, the kin type definitions next to the labels ("EfM" for example)
                  disappear.</para>
              </listitem>
              <listitem>
                <para><emphasis role="bold">Show Id Labels</emphasis>: see paragraph <xref
                    linkend="para_add_labels"/>.</para>
              </listitem>
              <listitem>
                <para><emphasis role="bold">Show Date Labels</emphasis>: when you create individuals
                  you can also enter, besides name and gender, a date of birth and of death. You may
                  decide not to show such dates; if you want them hidden you have to leave this
                  option unchecked. </para>
              </listitem>
              <listitem>
                <para><emphasis role="bold">Show Archive Links</emphasis>: this option is valid for
                  the Gedcom imports that have resources (and for the diagram type <emphasis
                    role="bold">Archive Data Linker</emphasis>). In both cases, the entities that
                  are placed into the diagram will carry a label of the type: "archive ref.: 1, 2,
                  etc.". Such label disappears if this option is unchecked.</para>
              </listitem>
              <listitem>
                <para><emphasis role="bold">Settings</emphasis>: by selecting this option a dialog
                  window will open, through which you will be able to customize your diagram. Such
                  options are:</para>
                <para>
                  <itemizedlist>
                    <listitem>
                      <para><emphasis role="bold">Kin Type Definitions</emphasis>: see paragraph
                          <xref linkend="para_add_new_kin_types"/></para>
                    </listitem>
                    <listitem>
                      <para><emphasis role="bold">Relation Type Definitions</emphasis>: see
                        paragraph <xref linkend="para_customize_relations"/></para>
                    </listitem>
                    <listitem>
                      <para><emphasis role="bold">Symbol Fields</emphasis>: see paragraph <xref
                          linkend="para_add_entities_right_click_menu"/></para>
                    </listitem>
                    <listitem>
                      <para><emphasis role="bold">Label Fields</emphasis>: see paragraph <xref
                          linkend="para_custom_fields"/></para>
                    </listitem>
                    <listitem>
                      <para><emphasis role="bold">Entity Profiles</emphasis>: see paragraph <xref
                          linkend="para_add_entities_right_click_menu"/></para>
                    </listitem>
                  </itemizedlist>
                </para>
              </listitem>
            </itemizedlist>
          </para>
        </listitem>
        <listitem>
          <para><emphasis role="bold">Kin Terms</emphasis>:</para>
          <para>
            <itemizedlist>
              <listitem>
                <para><emphasis role="bold">Show</emphasis>: by checking or unchecking this item,
                  you will respectively shown or hide the whole menu.</para>
              </listitem>
              <listitem>
                <para><emphasis role="bold">New Kin Term Group</emphasis>: see paragraph <xref
                    linkend="para_new_kin_term_group"/></para>
              </listitem>
              <listitem>
                <para><emphasis role="bold">Import</emphasis>: see paragraph <xref
                    linkend="para_export_import"/></para>
              </listitem>
              <listitem>
                <para><emphasis role="bold">Export</emphasis>: see paragraph <xref
                    linkend="para_export_import"/></para>
              </listitem>
            </itemizedlist>
          </para>
        </listitem>
        <listitem>
          <para><emphasis role="bold">Panels</emphasis>:</para>
          <para>
            <itemizedlist>
              <listitem>
                <para><emphasis role="bold">Active Plugins</emphasis>: this option becomes visible
                  only whether, and when, there are, effectively, plugins. Otherwise you will only
                  see <emphasis role="bold">&lt;no plugins found></emphasis>.</para>
              </listitem>
              <listitem>
                <para><emphasis role="bold">Archive Linker</emphasis>: see paragraph <xref
                    linkend="para_link_archive_data"/></para>
              </listitem>
              <listitem>
                <para><emphasis role="bold">Diagram Tree</emphasis>: this option is checked by
                  default. It is a tab located on the left of the KinOath page you are working on.
                  It is made of two trees: </para>
                <para>
                  <itemizedlist>
                    <listitem>
                      <para><emphasis role="bold">Attached</emphasis>: it contains all the permanent
                        entities of the diagram.</para>
                    </listitem>
                    <listitem>
                      <para><emphasis role="bold">Search Results</emphasis>: it contains the
                        temporary entities of the diagram, i.e. the ones that are released from the
                        diagram when this is saved, and which come out when searched for in a
                        query.</para>
                      <para>However, the temporary entities under Search Results, can be made
                        permanent. To do so: select the entity you want to attach to the diagram >
                        right click > <emphasis role="bold">Attach to diagram</emphasis>. The entity
                        will go under Attached.</para>
                    </listitem>
                  </itemizedlist>
                </para>
              </listitem>
              <listitem>
                <para><emphasis role="bold">Kin Terms</emphasis>: this tab can be selected only when
                  working on a Kin Terms Diagram, and it is the one seen above in <xref
                    linkend="Sec_Kin_Terms_Diagram"/>.</para>
              </listitem>
              <listitem>
                <para><emphasis role="bold">Kin Type Strings</emphasis>: this tab automatically
                  appears in the Freeform (<xref linkend="Sec_Freeform_Diagram"/>) and in the Query
                  Diagram <xref linkend="Sec_Query_Diagram"/>).</para>
              </listitem>
              <listitem>
                <para><emphasis role="bold">Search Entities</emphasis>: see <xref
                    linkend="para_add_entities_search_tab"/>.</para>
              </listitem>
            </itemizedlist>
          </para>
        </listitem>
        <listitem>
          <para><emphasis role="bold">Plugins</emphasis>: This menu simply shows you which plugins
            are active on the application in that ongoing session. If no plugins are present, then
            you will only see: <emphasis role="bold">&lt;no plugins found></emphasis>. This
            structure provides KinOath Kinship Archiver with even more flexibility, and makes it
            possible for third parties to develop new application features. </para>
        </listitem>
        <listitem>
          <para><emphasis role="bold">Window</emphasis>: The options of this menu vary according to
            how many windows of KinOath have been opened. Indeed, it simply consists of a list of
            the options that have been selected and opened: sample diagrams, new diagrams, etc. Each
            window has its corresponding menu option checked. </para>
        </listitem>
        <listitem>
          <para><emphasis role="bold">Help</emphasis>:</para>
          <para>
            <itemizedlist>
              <listitem>
                <para><emphasis role="bold">About</emphasis>: by selecting this option a dialog
                  window will open, briefly describing the program.</para>
              </listitem>
              <listitem>
                <para><emphasis role="bold">Internal Help</emphasis>: it opens the instructions
                  manual onto a new page of the application.</para>
              </listitem>
              <listitem>
                <para><emphasis role="bold">KinOath Website</emphasis>: it redirects you to the web
                  page of the application (<ulink url="http://tla.mpi.nl/tools/tla-tools/kinoath"
                    >http://tla.mpi.nl/tools/tla-tools/kinoath</ulink>).</para>
              </listitem>
              <listitem>
                <para><emphasis role="bold">KinOath Online Manual</emphasis>: it links you to the
                  online version of the manual, located on the TLA webpage (<ulink
                    url="http://www.mpi.nl/corpus/html/kinoath/index.html"
                    >http://www.mpi.nl/corpus/html/kinoath/index.html</ulink>).</para>
              </listitem>
              <listitem>
                <para><emphasis role="bold">KinOath Forum (Website)</emphasis>: by selecting this
                  option you will be redirected to the following page: <ulink
                    url="http://tla.mpi.nl/forums/software/kinoath"
                    >http://tla.mpi.nl/forums/software/kinoath</ulink>, a discussion board page
                  where you can start discussions about topics relevant to KinOath Kinship Archiver.
                </para>
              </listitem>
              <listitem>
                <para><emphasis role="bold">View Error Log</emphasis>: by selecting this option a
                  page in NotePad will open, containing the possible errors encountered while using
                  the program.</para>
              </listitem>
              <listitem>
                <para><emphasis role="bold">Reindex all files</emphasis>: this option may turn out
                  useful when, for example, your data have been modified on a file hosting service
                  (such as Dropbox), or on an old version of the application, and you have to
                  synchronize these modified files with the ones present on the disk. It may not be
                  necessary, though, to manually select this option, because the files will be
                  reindexed automatically.</para>
              </listitem>
              <listitem>
                <para><emphasis role="bold">Check for Updates</emphasis>: this option allows you to
                  search for more recent versions of KinOath Kinship Archiver.</para>
              </listitem>
            </itemizedlist>
          </para>
        </listitem>
      </orderedlist>
    </para>
  </appendix>
</book>
