<?xml version="1.0" encoding="UTF-8"?>
<!--
Copyright (C) 2013 The Language Archive, Max Planck Institute for Psycholinguistics

This program is free software; you can redistribute it and/or
modify it under the terms of the GNU General Public License
as published by the Free Software Foundation; either version 2
of the License, or (at your option) any later version.

This program is distributed in the hope that it will be useful,
but WITHOUT ANY WARRANTY; without even the implied warranty of
MERCHANTABILITY or FITNESS FOR A PARTICULAR PURPOSE.  See the
GNU General Public License for more details.

You should have received a copy of the GNU General Public License
along with this program; if not, write to the Free Software
Foundation, Inc., 59 Temple Place - Suite 330, Boston, MA  02111-1307, USA.
-->

<assembly xmlns="http://maven.apache.org/plugins/maven-assembly-plugin/assembly/1.1.2"
          xmlns:xsi="http://www.w3.org/2001/XMLSchema-instance"
          xsi:schemaLocation="http://maven.apache.org/plugins/maven-assembly-plugin/assembly/1.1.2 http://maven.apache.org/xsd/assembly-1.1.2.xsd">
    <id>src</id>
    <formats>
        <format>zip</format>
    </formats>
    <includeBaseDirectory>false</includeBaseDirectory>
    <moduleSets>
        <moduleSet>
            <includes>
                <include>nl.mpi:*</include>
            </includes>
            <sources>
                <fileSets>
                    <fileSet>
                        <excludes>
                            <exclude>target/**</exclude>
                            <exclude>installer/target/**</exclude>
                        </excludes>
                    </fileSet>
                </fileSets>
            </sources>
        </moduleSet>
    </moduleSets>
	
    <fileSets>
        <fileSet>
            <includes>
                <include>*.xml</include>
                <include>*.txt</include>
            </includes>
        </fileSet>
    </fileSets>
	                       
</assembly>